phone,name
9.23483E+11,Test 1
9.23251E+11,Test 2
9.23251E+11,Test 3
9.23483E+11,Test 4
9.23483E+11,Test 5
9.23483E+11,Test 6
9.23483E+11,Test 7
9.23483E+11,Test 8
9.23483E+11,Test 9
9.23483E+11,Test 10
